iter	MultiClass
0	1.068314328
1	1.040530714
2	1.01916071
3	0.998005508
4	0.9771316857
5	0.9567459707
6	0.9387001105
7	0.9234210592
8	0.9107842743
9	0.8988090871
10	0.8860257369
11	0.8741459349
7
12	0.8147028895
13	0.8012436173
14	0.7899544544
01516	0.9948619681617	0.9896496017	18	0.9861610518	0.6879729533
0	0.9946831942
21	0.9907397652
1	0.7794711668
22	0.7716101883
23	0.7637378921
24	0.7554251922
25	0.7513069602
26	0.7448347734
27	0.7380553822
28	0.6708931067
29	0.6644632596
