iter	MultiClass
0	1.083256482
1	1.07071984
2	1.059063
3	1.045574802
4	1.03282123
5	1.020911793
6	1.00980628
7	0.9995523585
8	0.9892274292
9	0.9787695549
10	0.9699421323
11	0.9610371145
12	0.9522002598
